id,url,author,article_content,images descriptions
id,url,author,article_content,images descriptions
id,url,author,article_content,images descriptions
id,url,author,article_content,images descriptions
id,url,author,article_content,images descriptions
id,url,author,article_content,images descriptions
id,url,author,article_content,images descriptions
id,url,author,article_content,images descriptions
id,url,author,article_content,images descriptions
id,url,author,article_content,images descriptions
id,url,author,article_content,images descriptions
id,url,author,article_content,images descriptions
id,url,author,article_content,images descriptions
id,url,author,article_content,images descriptions
id,url,author,article_content,images descriptions
id,url,author,article_content,images descriptions
id,url,author,article_content,images descriptions
id,url,author,article_content,images descriptions
id,url,author,article_content,images descriptions
id,url,author,article_content,images descriptions
id,url,author,article_content,images descriptions
id,url,author,article_content,images descriptions
id,url,author,article_content,images descriptions
id,url,author,article_content,images descriptions
id,url,author,article_content,images descriptions
id,url,author,article_content,images descriptions
id,url,author,article_content,images descriptions
id,url,author,article_content,images descriptions
id,url,author,article_content,images descriptions
id,url,author,article_content,images descriptions
id,url,author,article_content,images descriptions
id,url,author,article_content,images descriptions
id,url,author,article_content,images descriptions
id,url,author,article_content,images descriptions
id,url,author,article_content,images descriptions
id,url,author,article_content,images descriptions
id,url,author,article_content,images descriptions
id,url,author,article_content,images descriptions
id,url,author,article_content,images descriptions
id,url,author,article_content,images descriptions
id,url,author,article_content,images descriptions
id,url,author,article_content,images descriptions
id,url,author,article_content,images descriptions
id,url,author,article_content,images descriptions
id,url,author,article_content,images descriptions
id,url,author,article_content,images descriptions
id,url,author,article_content,images descriptions
id,url,author,article_content,images descriptions
id,url,author,article_content,images descriptions
id,url,author,article_content,images descriptions
id,url,author,article_content,images descriptions
id,url,author,article_content,images descriptions
id,url,author,article_content,images descriptions
id,url,author,article_content,images descriptions
id,url,author,article_content,images descriptions
id,url,author,article_content,images descriptions
id,url,author,article_content,images descriptions
id,url,author,article_content,images descriptions
id,url,author,article_content,images descriptions
id,url,author,article_content,images descriptions
id,url,author,article_content,images descriptions
id,url,author,article_content,images descriptions
id,url,author,article_content,images descriptions
id,url,author,article_content,images descriptions
id,url,author,article_content,images descriptions
id,url,author,article_content,images descriptions
id,url,author,article_content,images descriptions
id,url,author,article_content,images descriptions
id,url,author,article_content,images descriptions
id,url,author,article_content,images descriptions
id,url,author,article_content,images descriptions
id,url,author,article_content,images descriptions
id,url,author,article_content,images descriptions
id,url,author,article_content,images descriptions
id,url,author,article_content,images descriptions
id,url,author,article_content,images descriptions
id,url,author,article_content,images descriptions
id,url,author,article_content,images descriptions
id,url,author,article_content,images descriptions
id,url,author,article_content,images descriptions
id,url,author,article_content,images descriptions
id,url,author,article_content,images descriptions
id,url,author,article_content,images descriptions
id,url,author,article_content,images descriptions
id,url,author,article_content,images descriptions
id,url,author,article_content,images descriptions
id,url,author,article_content,images descriptions
id,url,author,article_content,images descriptions
id,url,author,article_content,images descriptions
id,url,author,article_content,images descriptions
id,url,author,article_content,images descriptions
id,url,author,article_content,images descriptions
id,url,author,article_content,images descriptions
id,url,author,article_content,images descriptions
id,url,author,article_content,images descriptions
id,url,author,article_content,images descriptions
id,url,author,article_content,images descriptions
id,url,author,article_content,images descriptions
id,url,author,article_content,images descriptions
id,url,author,article_content,images descriptions
id,url,author,article_content,images descriptions
id,url,author,article_content,images descriptions
id,url,author,article_content,images descriptions
id,url,author,article_content,images descriptions
id,url,author,article_content,images descriptions
id,url,author,article_content,images descriptions
id,url,author,article_content,images descriptions
id,url,author,article_content,images descriptions
id,url,author,article_content,images descriptions
id,url,author,article_content,images descriptions
id,url,author,article_content,images descriptions
id,url,author,article_content,images descriptions
id,url,author,article_content,images descriptions
id,url,author,article_content,images descriptions
id,url,author,article_content,images descriptions
id,url,author,article_content,images descriptions
id,url,author,article_content,images descriptions
id,url,author,article_content,images descriptions
id,url,author,article_content,images descriptions
id,url,author,article_content,images descriptions
id,url,author,article_content,images descriptions
id,url,author,article_content,images descriptions
id,url,author,article_content,images descriptions
id,url,author,article_content,images descriptions
id,url,author,article_content,images descriptions
id,url,author,article_content,images descriptions
id,url,author,article_content,images descriptions
id,url,author,article_content,images descriptions
id,url,author,article_content,images descriptions
id,url,author,article_content,images descriptions
id,url,author,article_content,images descriptions
id,url,author,article_content,images descriptions
id,url,author,article_content,images descriptions
id,url,author,article_content,images descriptions
id,url,author,article_content,images descriptions
id,url,author,article_content,images descriptions
id,url,author,article_content,images descriptions
id,url,author,article_content,images descriptions
id,url,author,article_content,images descriptions
id,url,author,article_content,images descriptions
id,url,author,article_content,images descriptions
id,url,author,article_content,images descriptions
id,url,author,article_content,images descriptions
id,url,author,article_content,images descriptions
id,url,author,article_content,images descriptions
id,url,author,article_content,images descriptions
id,url,author,article_content,images descriptions
id,url,author,article_content,images descriptions
id,url,author,article_content,images descriptions
id,url,author,article_content,images descriptions
id,url,author,article_content,images descriptions
id,url,author,article_content,images descriptions
id,url,author,article_content,images descriptions
id,url,author,article_content,images descriptions
id,url,author,article_content,images descriptions
id,url,author,article_content,images descriptions
id,url,author,article_content,images descriptions
id,url,author,article_content,images descriptions
id,url,author,article_content,images descriptions
id,url,author,article_content,images descriptions
id,url,author,article_content,images descriptions
id,url,author,article_content,images descriptions
id,url,author,article_content,images descriptions
id,url,author,article_content,images descriptions
id,url,author,article_content,images descriptions
id,url,author,article_content,images descriptions
id,url,author,article_content,images descriptions
id,url,author,article_content,images descriptions
id,url,author,article_content,images descriptions
id,url,author,article_content,images descriptions
id,url,author,article_content,images descriptions
id,url,author,article_content,images descriptions
id,url,author,article_content,images descriptions
id,url,author,article_content,images descriptions
id,url,author,article_content,images descriptions
id,url,author,article_content,images descriptions
id,url,author,article_content,images descriptions
id,url,author,article_content,images descriptions
id,url,author,article_content,images descriptions
id,url,author,article_content,images descriptions
id,url,author,article_content,images descriptions
id,url,author,article_content,images descriptions
id,url,author,article_content,images descriptions
id,url,author,article_content,images descriptions
id,url,author,article_content,images descriptions
id,url,author,article_content,images descriptions
id,url,author,article_content,images descriptions
id,url,author,article_content,images descriptions
id,url,author,article_content,images descriptions
id,url,author,article_content,images descriptions
id,url,author,article_content,images descriptions
id,url,author,article_content,images descriptions
id,url,author,article_content,images descriptions
id,url,author,article_content,images descriptions
id,url,author,article_content,images descriptions
id,url,author,article_content,images descriptions
id,url,author,article_content,images descriptions
id,url,author,article_content,images descriptions
id,url,author,article_content,images descriptions
id,url,author,article_content,images descriptions
id,url,author,article_content,images descriptions
id,url,author,article_content,images descriptions
id,url,author,article_content,images descriptions
id,url,author,article_content,images descriptions
id,url,author,article_content,images descriptions
id,url,author,article_content,images descriptions
id,url,author,article_content,images descriptions
id,url,author,article_content,images descriptions
id,url,author,article_content,images descriptions
id,url,author,article_content,images descriptions
id,url,author,article_content,images descriptions
id,url,author,article_content,images descriptions
id,url,author,article_content,images descriptions
id,url,author,article_content,images descriptions
id,url,author,article_content,images descriptions
id,url,author,article_content,images descriptions
id,url,author,article_content,images descriptions
id,url,author,article_content,images descriptions
id,url,author,article_content,images descriptions
id,url,author,article_content,images descriptions
id,url,author,article_content,images descriptions
id,url,author,article_content,images descriptions
id,url,author,article_content,images descriptions
id,url,author,article_content,images descriptions
id,url,author,article_content,images descriptions
id,url,author,article_content,images descriptions
id,url,author,article_content,images descriptions
id,url,author,article_content,images descriptions
id,url,author,article_content,images descriptions
id,url,author,article_content,images descriptions
id,url,author,article_content,images descriptions
id,url,author,article_content,images descriptions
id,url,author,article_content,images descriptions
id,url,author,article_content,images descriptions
id,url,author,article_content,images descriptions
id,url,author,article_content,images descriptions
id,url,author,article_content,images descriptions
id,url,author,article_content,images descriptions
id,url,author,article_content,images descriptions
id,url,author,article_content,images descriptions
id,url,author,article_content,images descriptions
id,url,author,article_content,images descriptions
id,url,author,article_content,images descriptions
id,url,author,article_content,images descriptions
id,url,author,article_content,images descriptions
id,url,author,article_content,images descriptions
id,url,author,article_content,images descriptions
id,url,author,article_content,images descriptions
id,url,author,article_content,images descriptions
id,url,author,article_content,images descriptions
id,url,author,article_content,images descriptions
id,url,author,article_content,images descriptions
id,url,author,article_content,images descriptions
id,url,author,article_content,images descriptions
id,url,author,article_content,images descriptions
id,url,author,article_content,images descriptions
id,url,author,article_content,images descriptions
id,url,author,article_content,images descriptions
id,url,author,article_content,images descriptions
id,url,author,article_content,images descriptions
id,url,author,article_content,images descriptions
id,url,author,article_content,images descriptions
id,url,author,article_content,images descriptions
id,url,author,article_content,images descriptions
id,url,author,article_content,images descriptions
id,url,author,article_content,images descriptions
id,url,author,article_content,images descriptions
id,url,author,article_content,images descriptions
id,url,author,article_content,images descriptions
id,url,author,article_content,images descriptions
id,url,author,article_content,images descriptions
id,url,author,article_content,images descriptions
id,url,author,article_content,images descriptions
id,url,author,article_content,images descriptions
id,url,author,article_content,images descriptions
id,url,author,article_content,images descriptions
id,url,author,article_content,images descriptions
id,url,author,article_content,images descriptions
id,url,author,article_content,images descriptions
id,url,author,article_content,images descriptions
id,url,author,article_content,images descriptions
id,url,author,article_content,images descriptions
id,url,author,article_content,images descriptions
id,url,author,article_content,images descriptions
id,url,author,article_content,images descriptions
id,url,author,article_content,images descriptions
id,url,author,article_content,images descriptions
id,url,author,article_content,images descriptions
id,url,author,article_content,images descriptions
id,url,author,article_content,images descriptions
id,url,author,article_content,images descriptions
id,url,author,article_content,images descriptions
id,url,author,article_content,images descriptions
id,url,author,article_content,images descriptions
id,url,author,article_content,images descriptions
id,url,author,article_content,images descriptions
id,url,author,article_content,images descriptions
id,url,author,article_content,images descriptions
id,url,author,article_content,images descriptions
id,url,author,article_content,images descriptions
id,url,author,article_content,images descriptions
id,url,author,article_content,images descriptions
id,url,author,article_content,images descriptions
id,url,author,article_content,images descriptions
id,url,author,article_content,images descriptions
id,url,author,article_content,images descriptions
id,url,author,article_content,images descriptions
id,url,author,article_content,images descriptions
id,url,author,article_content,images descriptions
id,url,author,article_content,images descriptions
id,url,author,article_content,images descriptions
id,url,author,article_content,images descriptions
id,url,author,article_content,images descriptions
id,url,author,article_content,images descriptions
id,url,author,article_content,images descriptions
id,url,author,article_content,images descriptions
id,url,author,article_content,images descriptions
id,url,author,article_content,images descriptions
id,url,author,article_content,images descriptions
id,url,author,article_content,images descriptions
id,url,author,article_content,images descriptions
id,url,author,article_content,images descriptions
id,url,author,article_content,images descriptions
id,url,author,article_content,images descriptions
id,url,author,article_content,images descriptions
id,url,author,article_content,images descriptions
id,url,author,article_content,images descriptions
id,url,author,article_content,images descriptions
id,url,author,article_content,images descriptions
id,url,author,article_content,images descriptions
id,url,author,article_content,images descriptions
id,url,author,article_content,images descriptions
id,url,author,article_content,images descriptions
id,url,author,article_content,images descriptions
id,url,author,article_content,images descriptions
id,url,author,article_content,images descriptions
id,url,author,article_content,images descriptions
id,url,author,article_content,images descriptions
id,url,author,article_content,images descriptions
id,url,author,article_content,images descriptions
id,url,author,article_content,images descriptions
id,url,author,article_content,images descriptions
id,url,author,article_content,images descriptions
id,url,author,article_content,images descriptions
id,url,author,article_content,images descriptions
id,url,author,article_content,images descriptions
id,url,author,article_content,images descriptions
id,url,author,article_content,images descriptions
